codigo,year,decada,division,categoria,categoria_slug,autor,obra
biografia-2024,2024,2020,Letras,Biografía o Autobiografía,biografia,Jonathan Eig,King: A Life
biografia-2024-2,2024,2020,Letras,Biografía o Autobiografía,biografia,Ilyon Woo,Master Slave Husband Wife: An Epic Journey from Slavery to Freedom
ficcion-2024,2024,2020,Letras,Ficción,ficcion,Jayne Anne Phillips,Night Watch
historia-2024,2024,2020,Letras,Historia,historia,Jacqueline Jones,No Right to an Honest Living: The Struggles of Boston’s Black Workers in the Civil War Era
memorias-2024,2024,2020,Letras,Memorias,memorias,Cristina Rivera Garza,Liliana’s Invincible Summer: A Sister’s Search for Justice
no-ficcion-general-2024,2024,2020,Letras,No Ficción General,no-ficcion-general,Nathan Thrall,A Day in the Life of Abed Salama: Anatomy of a Jerusalem Tragedy
poesia-2024,2024,2020,Letras,Poesía,poesia,Brandon Som,Tripas: Poems
teatro-2024,2024,2020,Teatro,Teatro,teatro,Eboni Booth,Primary Trust
biografia-2023,2023,2020,Letras,Biografía o Autobiografía,biografia,Beverly Gage,G-Man: J. Edgar Hoover and the Making of the American Century
ficcion-2023,2023,2020,Letras,Ficción,ficcion,Barbara Kingsolver,Demon Copperhead
ficcion-2023-2,2023,2020,Letras,Ficción,ficcion,Hernan Diaz,Trust
historia-2023,2023,2020,Letras,Historia,historia,Jefferson Cowie,Freedom’s Dominion: A Saga of White Resistance to Federal Power
memorias-2023,2023,2020,Letras,Memorias,memorias,Hua Hsu,Stay True
no-ficcion-general-2023,2023,2020,Letras,No Ficción General,no-ficcion-general,Robert Samuels and Toluse Olorunnipa,His Name Is George Floyd: One Man’s Life and the Struggle for Racial Justice
poesia-2023,2023,2020,Letras,Poesía,poesia,Carl Phillips,"Then the War: And Selected Poems, 2007-2020"
teatro-2023,2023,2020,Teatro,Teatro,teatro,Sanaz Toossi,English
biografia-2022,2022,2020,Letras,Biografía o Autobiografía,biografia,the late Winfred Rembert as told to Erin I. Kelly,Chasing Me to My Grave: An Artist's Memoir of the Jim Crow South
ficcion-2022,2022,2020,Letras,Ficción,ficcion,Joshua Cohen,The Netanyahus: An Account of a Minor and Ultimately Even Negligible Episode in the History of a Very Famous Family
historia-2022,2022,2020,Letras,Historia,historia,Ada Ferrer,Cuba: An American History
historia-2022-2,2022,2020,Letras,Historia,historia,Nicole Eustace,Covered with Night
no-ficcion-general-2022,2022,2020,Letras,No Ficción General,no-ficcion-general,Andrea Elliott,"Invisible Child: Poverty, Survival & Hope in an American City"
poesia-2022,2022,2020,Letras,Poesía,poesia,Diane Seuss,frank: sonnets
teatro-2022,2022,2020,Teatro,Teatro,teatro,James Ijames,Fat Ham
biografia-2021,2021,2020,Letras,Biografía o Autobiografía,biografia,the late Les Payne and Tamara Payne,The Dead Are Arising: The Life of Malcolm X
ficcion-2021,2021,2020,Letras,Ficción,ficcion,Louise Erdrich,The Night Watchman
historia-2021,2021,2020,Letras,Historia,historia,Marcia Chatelain,Franchise: The Golden Arches in Black America
no-ficcion-general-2021,2021,2020,Letras,No Ficción General,no-ficcion-general,David Zucchino,Wilmington’s Lie: The Murderous Coup of 1898 and the Rise of White Supremacy
poesia-2021,2021,2020,Letras,Poesía,poesia,Natalie Diaz,Postcolonial Love Poem
teatro-2021,2021,2020,Teatro,Teatro,teatro,Katori Hall,The Hot Wing King
biografia-2020,2020,2020,Letras,Biografía o Autobiografía,biografia,Benjamin Moser,Sontag: Her Life and Work
ficcion-2020,2020,2020,Letras,Ficción,ficcion,Colson Whitehead,The Nickel Boys
historia-2020,2020,2020,Letras,Historia,historia,W. Caleb McDaniel,Sweet Taste of Liberty: A True Story of Slavery and Restitution in America
no-ficcion-general-2020,2020,2020,Letras,No Ficción General,no-ficcion-general,Greg Grandin,The End of the Myth: From the Frontier to the Border Wall in the Mind of America
no-ficcion-general-2020-2,2020,2020,Letras,No Ficción General,no-ficcion-general,Anne Boyer,"The Undying: Pain, Vulnerability, Mortality, Medicine, Art, Time, Dreams, Data, Exhaustion, Cancer, and Care"
poesia-2020,2020,2020,Letras,Poesía,poesia,Jericho Brown,The Tradition
teatro-2020,2020,2020,Teatro,Teatro,teatro,Michael R. Jackson,A Strange Loop
biografia-2019,2019,2010,Letras,Biografía o Autobiografía,biografia,Jeffrey C. Stewart,The New Negro: The Life of Alain Locke
ficcion-2019,2019,2010,Letras,Ficción,ficcion,Richard Powers,The Overstory
historia-2019,2019,2010,Letras,Historia,historia,David W. Blight,Frederick Douglass: Prophet of Freedom
no-ficcion-general-2019,2019,2010,Letras,No Ficción General,no-ficcion-general,Eliza Griswold,Amity and Prosperity: One Family and the Fracturing of America
poesia-2019,2019,2010,Letras,Poesía,poesia,Forrest Gander,Be With
teatro-2019,2019,2010,Teatro,Teatro,teatro,Jackie Sibblies Drury,Fairview
biografia-2018,2018,2010,Letras,Biografía o Autobiografía,biografia,Caroline Fraser,Prairie Fires: The American Dreams of Laura Ingalls Wilder
ficcion-2018,2018,2010,Letras,Ficción,ficcion,Andrew Sean Greer,Less
historia-2018,2018,2010,Letras,Historia,historia,Jack E. Davis,The Gulf: The Making of an American Sea
no-ficcion-general-2018,2018,2010,Letras,No Ficción General,no-ficcion-general,James Forman Jr.,Locking Up Our Own: Crime and Punishment in Black America
poesia-2018,2018,2010,Letras,Poesía,poesia,Frank Bidart,Half-light: Collected Poems 1965-2016
teatro-2018,2018,2010,Teatro,Teatro,teatro,Martyna Majok,Cost of Living
biografia-2017,2017,2010,Letras,Biografía o Autobiografía,biografia,Hisham Matar,"The Return: Fathers, Sons and the Land in Between"
ficcion-2017,2017,2010,Letras,Ficción,ficcion,Colson Whitehead,The Underground Railroad
historia-2017,2017,2010,Letras,Historia,historia,Heather Ann Thompson,Blood in the Water: The Attica Prison Uprising of 1971 and Its Legacy
no-ficcion-general-2017,2017,2010,Letras,No Ficción General,no-ficcion-general,Matthew Desmond,Evicted: Poverty and Profit in the American City
poesia-2017,2017,2010,Letras,Poesía,poesia,Tyehimba Jess,Olio
teatro-2017,2017,2010,Teatro,Teatro,teatro,Lynn Nottage,Sweat
biografia-2016,2016,2010,Letras,Biografía o Autobiografía,biografia,William Finnegan,Barbarian Days: A Surfing Life
ficcion-2016,2016,2010,Letras,Ficción,ficcion,Viet Thanh Nguyen,The Sympathizer
historia-2016,2016,2010,Letras,Historia,historia,T.J. Stiles,Custer's Trials: A Life on the Frontier of a New America
no-ficcion-general-2016,2016,2010,Letras,No Ficción General,no-ficcion-general,Joby Warrick,Black Flags: The Rise of ISIS
poesia-2016,2016,2010,Letras,Poesía,poesia,Peter Balakian,Ozone Journal
teatro-2016,2016,2010,Teatro,Teatro,teatro,Lin-Manuel Miranda,Hamilton
biografia-2015,2015,2010,Letras,Biografía o Autobiografía,biografia,David I. Kertzer,The Pope and Mussolini: The Secret History of Pius XI and the Rise of Fascism in Europe
ficcion-2015,2015,2010,Letras,Ficción,ficcion,Anthony Doerr,All the Light We Cannot See
historia-2015,2015,2010,Letras,Historia,historia,Elizabeth A. Fenn,Encounters at the Heart of the World: A History of the Mandan People
no-ficcion-general-2015,2015,2010,Letras,No Ficción General,no-ficcion-general,Elizabeth Kolbert,The Sixth Extinction: An Unnatural History
poesia-2015,2015,2010,Letras,Poesía,poesia,Gregory Pardlo,Digest
teatro-2015,2015,2010,Teatro,Teatro,teatro,Stephen Adly Guirgis,Between Riverside and Crazy
biografia-2014,2014,2010,Letras,Biografía o Autobiografía,biografia,Megan Marshall,Margaret Fuller: A New American Life
ficcion-2014,2014,2010,Letras,Ficción,ficcion,Donna Tartt,The Goldfinch
historia-2014,2014,2010,Letras,Historia,historia,Alan Taylor,"The Internal Enemy: Slavery and War in Virginia, 1772-1832"
no-ficcion-general-2014,2014,2010,Letras,No Ficción General,no-ficcion-general,Dan Fagin,Toms River: A Story of Science and Salvation
poesia-2014,2014,2010,Letras,Poesía,poesia,Vijay Seshadri,3 Sections
teatro-2014,2014,2010,Teatro,Teatro,teatro,Annie Baker,The Flick
biografia-2013,2013,2010,Letras,Biografía o Autobiografía,biografia,Tom Reiss,"The Black Count: Glory, Revolution, Betrayal, and the Real Count of Monte Cristo"
ficcion-2013,2013,2010,Letras,Ficción,ficcion,Adam Johnson,The Orphan Master's Son
historia-2013,2013,2010,Letras,Historia,historia,Fredrik Logevall,Embers of War: The Fall of an Empire and the Making of America's Vietnam
no-ficcion-general-2013,2013,2010,Letras,No Ficción General,no-ficcion-general,Gilbert King,"Devil in the Grove: Thurgood Marshall, the Groveland Boys, and the Dawn of a New America"
poesia-2013,2013,2010,Letras,Poesía,poesia,Sharon Olds,Stag's Leap
teatro-2013,2013,2010,Teatro,Teatro,teatro,Ayad Akhtar,Disgraced
biografia-2012,2012,2010,Letras,Biografía o Autobiografía,biografia,John Lewis Gaddis,George F. Kennan: An American Life
historia-2012,2012,2010,Letras,Historia,historia,Manning Marable,Malcolm X: A Life of Reinvention
no-ficcion-general-2012,2012,2010,Letras,No Ficción General,no-ficcion-general,Stephen Greenblatt,The Swerve: How the World Became Modern
poesia-2012,2012,2010,Letras,Poesía,poesia,Tracy K. Smith,Life on Mars
teatro-2012,2012,2010,Teatro,Teatro,teatro,Quiara Alegría Hudes,Water by the Spoonful
biografia-2011,2011,2010,Letras,Biografía o Autobiografía,biografia,Ron Chernow,Washington : A Life
ficcion-2011,2011,2010,Letras,Ficción,ficcion,Jennifer Egan,A Visit from the Goon Squad
historia-2011,2011,2010,Letras,Historia,historia,Eric Foner,The Fiery Trial: Abraham Lincoln and American Slavery
no-ficcion-general-2011,2011,2010,Letras,No Ficción General,no-ficcion-general,Siddhartha Mukherjee,The Emperor of All Maladies: A Biography of Cancer
poesia-2011,2011,2010,Letras,Poesía,poesia,Kay Ryan,The Best of It: New and Selected Poems
teatro-2011,2011,2010,Teatro,Teatro,teatro,Bruce Norris,Clybourne Park
biografia-2010,2010,2010,Letras,Biografía o Autobiografía,biografia,T.J. Stiles,The First Tycoon: The Epic Life of Cornelius Vanderbilt
ficcion-2010,2010,2010,Letras,Ficción,ficcion,Paul Harding,Tinkers
historia-2010,2010,2010,Letras,Historia,historia,Liaquat Ahamed,Lords of Finance: The Bankers Who Broke the World
no-ficcion-general-2010,2010,2010,Letras,No Ficción General,no-ficcion-general,David E. Hoffman,The Dead Hand: The Untold Story of the Cold War Arms Race and Its Dangerous Legacy
poesia-2010,2010,2010,Letras,Poesía,poesia,Rae Armantrout,Versed
teatro-2010,2010,2010,Teatro,Teatro,teatro,Tom Kitt and Brian Yorkey,Next to Normal
biografia-2009,2009,2000,Letras,Biografía o Autobiografía,biografia,Jon Meacham,American Lion: Andrew Jackson in the White House
ficcion-2009,2009,2000,Letras,Ficción,ficcion,Elizabeth Strout,Olive Kitteridge
historia-2009,2009,2000,Letras,Historia,historia,Annette Gordon-Reed,The Hemingses of Monticello: An American Family
no-ficcion-general-2009,2009,2000,Letras,No Ficción General,no-ficcion-general,Douglas A. Blackmon,Slavery by Another Name: The Re-Enslavement of Black Americans from the Civil War to World War II
poesia-2009,2009,2000,Letras,Poesía,poesia,W.S. Merwin,The Shadow of Sirius
teatro-2009,2009,2000,Teatro,Teatro,teatro,Lynn Nottage,Ruined
biografia-2008,2008,2000,Letras,Biografía o Autobiografía,biografia,John Matteson,Eden's Outcasts: The Story of Louisa May Alcott and Her Father
ficcion-2008,2008,2000,Letras,Ficción,ficcion,Junot Diaz,The Brief Wondrous Life of Oscar Wao
historia-2008,2008,2000,Letras,Historia,historia,Daniel Walker Howe,"What Hath God Wrought: The Transformation of America, 1815-1848"
no-ficcion-general-2008,2008,2000,Letras,No Ficción General,no-ficcion-general,Saul Friedländer,"The Years of Extermination: Nazi Germany and the Jews, 1939-1945"
poesia-2008,2008,2000,Letras,Poesía,poesia,Robert Hass,Time and Materials
poesia-2008-2,2008,2000,Letras,Poesía,poesia,Philip Schultz,Failure
teatro-2008,2008,2000,Teatro,Teatro,teatro,Tracy Letts,August: Osage County
biografia-2007,2007,2000,Letras,Biografía o Autobiografía,biografia,Debby Applegate,The Most Famous Man in America: The Biography of Henry Ward Beecher
ficcion-2007,2007,2000,Letras,Ficción,ficcion,Cormac McCarthy,The Road
historia-2007,2007,2000,Letras,Historia,historia,Gene Roberts and Hank Klibanoff,"The Race Beat: The Press, the Civil Rights Struggle, and the Awakening of a Nation"
no-ficcion-general-2007,2007,2000,Letras,No Ficción General,no-ficcion-general,Lawrence Wright,The Looming Tower: Al-Qaeda and the Road to 9/11
poesia-2007,2007,2000,Letras,Poesía,poesia,Natasha Trethewey,Native Guard
teatro-2007,2007,2000,Teatro,Teatro,teatro,David Lindsay-Abaire,Rabbit Hole
biografia-2006,2006,2000,Letras,Biografía o Autobiografía,biografia,Kai Bird and Martin J. Sherwin,American Prometheus: The Triumph and Tragedy of J. Robert Oppenheimer
ficcion-2006,2006,2000,Letras,Ficción,ficcion,Geraldine Brooks,March
historia-2006,2006,2000,Letras,Historia,historia,David M. Oshinsky,Polio: An American Story
no-ficcion-general-2006,2006,2000,Letras,No Ficción General,no-ficcion-general,Caroline Elkins,Imperial Reckoning: The Untold Story of Britain's Gulag in Kenya
poesia-2006,2006,2000,Letras,Poesía,poesia,Claudia Emerson,Late Wife
biografia-2005,2005,2000,Letras,Biografía o Autobiografía,biografia,Mark Stevens and Annalyn Swan,de Kooning: An American Master
ficcion-2005,2005,2000,Letras,Ficción,ficcion,Marilynne Robinson,Gilead
historia-2005,2005,2000,Letras,Historia,historia,David Hackett Fischer,Washington's Crossing
no-ficcion-general-2005,2005,2000,Letras,No Ficción General,no-ficcion-general,Steve Coll,Ghost Wars
poesia-2005,2005,2000,Letras,Poesía,poesia,Ted Kooser,Delights & Shadows
teatro-2005,2005,2000,Teatro,Teatro,teatro,John Patrick Shanley,"Doubt, a parable"
biografia-2004,2004,2000,Letras,Biografía o Autobiografía,biografia,William Taubman,Khrushchev: The Man and His Era
ficcion-2004,2004,2000,Letras,Ficción,ficcion,Edward P. Jones,The Known World
historia-2004,2004,2000,Letras,Historia,historia,Steven Hahn,A Nation Under Our Feet: Black Political Struggles in the Rural South from Slavery to the Great Migration
no-ficcion-general-2004,2004,2000,Letras,No Ficción General,no-ficcion-general,Anne Applebaum,Gulag: A History
poesia-2004,2004,2000,Letras,Poesía,poesia,Franz Wright,Walking to Martha's Vineyard
teatro-2004,2004,2000,Teatro,Teatro,teatro,Doug Wright,I Am My Own Wife
biografia-2003,2003,2000,Letras,Biografía o Autobiografía,biografia,Robert A. Caro,Master of the Senate
ficcion-2003,2003,2000,Letras,Ficción,ficcion,Jeffrey Eugenides,Middlesex
historia-2003,2003,2000,Letras,Historia,historia,Rick Atkinson,"An Army at Dawn: The War in North Africa, 1942-1943"
no-ficcion-general-2003,2003,2000,Letras,No Ficción General,no-ficcion-general,Samantha Power,"""A Problem From Hell:"" America and the Age of Genocide"
poesia-2003,2003,2000,Letras,Poesía,poesia,Paul Muldoon,Moy Sand and Gravel
teatro-2003,2003,2000,Teatro,Teatro,teatro,Nilo Cruz,Anna in the Tropics
biografia-2002,2002,2000,Letras,Biografía o Autobiografía,biografia,David McCullough,John Adams
ficcion-2002,2002,2000,Letras,Ficción,ficcion,Richard Russo,Empire Falls
historia-2002,2002,2000,Letras,Historia,historia,Louis Menand,The Metaphysical Club: A Story of Ideas in America
no-ficcion-general-2002,2002,2000,Letras,No Ficción General,no-ficcion-general,Diane McWhorter,"Carry Me Home: Birmingham, Alabama, the Climactic Battle of the Civil Rights Revolution"
poesia-2002,2002,2000,Letras,Poesía,poesia,Carl Dennis,Practical Gods
teatro-2002,2002,2000,Teatro,Teatro,teatro,Suzan-Lori Parks,Topdog/Underdog
biografia-2001,2001,2000,Letras,Biografía o Autobiografía,biografia,David Levering Lewis,"W.E.B. Du Bois: The Fight for Equality and the American Century, 1919-1963"
ficcion-2001,2001,2000,Letras,Ficción,ficcion,Michael Chabon,The Amazing Adventures of Kavalier & Clay
historia-2001,2001,2000,Letras,Historia,historia,Joseph J. Ellis,Founding Brothers: The Revolutionary Generation
no-ficcion-general-2001,2001,2000,Letras,No Ficción General,no-ficcion-general,Herbert P. Bix,Hirohito and the Making of Modern Japan
poesia-2001,2001,2000,Letras,Poesía,poesia,Stephen Dunn,Different Hours
teatro-2001,2001,2000,Teatro,Teatro,teatro,David Auburn,Proof
biografia-2000,2000,2000,Letras,Biografía o Autobiografía,biografia,Stacy Schiff,Vera (Mrs. Vladimir Nabokov)
ficcion-2000,2000,2000,Letras,Ficción,ficcion,Jhumpa Lahiri,Interpreter of Maladies
historia-2000,2000,2000,Letras,Historia,historia,David M. Kennedy,"Freedom From Fear: The American People in Depression and War, 1929-1945"
no-ficcion-general-2000,2000,2000,Letras,No Ficción General,no-ficcion-general,John W. Dower,Embracing Defeat: Japan in the Wake of World War II
poesia-2000,2000,2000,Letras,Poesía,poesia,C.K. Williams,Repair
teatro-2000,2000,2000,Teatro,Teatro,teatro,Donald Margulies,Dinner With Friends
biografia-1999,1999,1990,Letras,Biografía o Autobiografía,biografia,A. Scott Berg,Lindbergh
ficcion-1999,1999,1990,Letras,Ficción,ficcion,Michael Cunningham,The Hours
historia-1999,1999,1990,Letras,Historia,historia,Edwin G. Burrows and Mike Wallace,Gotham: A History of New York City to 1898
no-ficcion-general-1999,1999,1990,Letras,No Ficción General,no-ficcion-general,John McPhee,Annals of the Former World
poesia-1999,1999,1990,Letras,Poesía,poesia,Mark Strand,Blizzard of One
teatro-1999,1999,1990,Teatro,Teatro,teatro,Margaret Edson,Wit
biografia-1998,1998,1990,Letras,Biografía o Autobiografía,biografia,Katharine Graham,Personal History
ficcion-1998,1998,1990,Letras,Ficción,ficcion,Philip Roth,American Pastoral
historia-1998,1998,1990,Letras,Historia,historia,Edward J. Larson,Summer for the Gods: The Scopes Trial and America's Continuing Debate Over Science and Religion
no-ficcion-general-1998,1998,1990,Letras,No Ficción General,no-ficcion-general,Jared Diamond,"Guns, Germs and Steel: The Fates of Human Societies"
poesia-1998,1998,1990,Letras,Poesía,poesia,Charles Wright,Black Zodiac
teatro-1998,1998,1990,Teatro,Teatro,teatro,Paula Vogel,How I Learned to Drive
biografia-1997,1997,1990,Letras,Biografía o Autobiografía,biografia,Frank McCourt,Angela's Ashes: A Memoir
ficcion-1997,1997,1990,Letras,Ficción,ficcion,Steven Millhauser,Martin Dressler: The Tale of an American Dreamer
historia-1997,1997,1990,Letras,Historia,historia,Jack N. Rakove,Original Meanings: Politics and Ideas in the Making of the Constitution
no-ficcion-general-1997,1997,1990,Letras,No Ficción General,no-ficcion-general,Richard Kluger,"Ashes To Ashes: America's Hundred-Year Cigarette War, The Public Health, And The Unabashed Triumph Of Philip Morris"
poesia-1997,1997,1990,Letras,Poesía,poesia,Lisel Mueller,Alive Together: New and Selected Poems
biografia-1996,1996,1990,Letras,Biografía o Autobiografía,biografia,Jack Miles,God: A Biography
ficcion-1996,1996,1990,Letras,Ficción,ficcion,Richard Ford,Independence Day
historia-1996,1996,1990,Letras,Historia,historia,Alan Taylor,William Cooper's Town: Power and Persuasion on the Frontier of the Early American Republic
no-ficcion-general-1996,1996,1990,Letras,No Ficción General,no-ficcion-general,Tina Rosenberg,The Haunted Land: Facing Europe's Ghosts After Communism
poesia-1996,1996,1990,Letras,Poesía,poesia,Jorie Graham,The Dream of the Unified Field
teatro-1996,1996,1990,Teatro,Teatro,teatro,Jonathan Larson,Rent
biografia-1995,1995,1990,Letras,Biografía o Autobiografía,biografia,Joan D. Hedrick,Harriet Beecher Stowe: A Life
ficcion-1995,1995,1990,Letras,Ficción,ficcion,Carol Shields,The Stone Diaries
historia-1995,1995,1990,Letras,Historia,historia,Doris Kearns Goodwin,No Ordinary Time: Franklin and Eleanor Roosevelt: The Home Front in World War II
no-ficcion-general-1995,1995,1990,Letras,No Ficción General,no-ficcion-general,Jonathan Weiner,The Beak Of The Finch: A Story Of Evolution In Our Time
poesia-1995,1995,1990,Letras,Poesía,poesia,Philip Levine,The Simple Truth
teatro-1995,1995,1990,Teatro,Teatro,teatro,Horton Foote,The Young Man From Atlanta
biografia-1994,1994,1990,Letras,Biografía o Autobiografía,biografia,David Levering Lewis,W.E.B. Du Bois: Biography of a Race 1868-1919
ficcion-1994,1994,1990,Letras,Ficción,ficcion,E. Annie Proulx,The Shipping News
no-ficcion-general-1994,1994,1990,Letras,No Ficción General,no-ficcion-general,David Remnick,Lenin's Tomb: The Last Days Of The Soviet Empire
poesia-1994,1994,1990,Letras,Poesía,poesia,Yusef Komunyakaa,Neon Vernacular: New and Selected Poems
teatro-1994,1994,1990,Teatro,Teatro,teatro,Edward Albee,Three Tall Women
biografia-1993,1993,1990,Letras,Biografía o Autobiografía,biografia,David McCullough,Truman
ficcion-1993,1993,1990,Letras,Ficción,ficcion,Robert Olen Butler,A Good Scent from a Strange Mountain
historia-1993,1993,1990,Letras,Historia,historia,Gordon S. Wood,The Radicalism of the American Revolution
no-ficcion-general-1993,1993,1990,Letras,No Ficción General,no-ficcion-general,Garry Wills,Lincoln at Gettysburg: The Words That Remade America
poesia-1993,1993,1990,Letras,Poesía,poesia,Louise Glück,The Wild Iris
teatro-1993,1993,1990,Teatro,Teatro,teatro,Tony Kushner,Angels in America: Millennium Approaches
biografia-1992,1992,1990,Letras,Biografía o Autobiografía,biografia,Lewis B. Puller,Fortunate Son: The Healing of a Vietnam Vet
ficcion-1992,1992,1990,Letras,Ficción,ficcion,Jane Smiley,A Thousand Acres
historia-1992,1992,1990,Letras,Historia,historia,Mark E. Neely,The Fate of Liberty: Abraham Lincoln and Civil Liberties
no-ficcion-general-1992,1992,1990,Letras,No Ficción General,no-ficcion-general,Daniel Yergin,"The Prize: The Epic Quest For Oil, Money & Power"
poesia-1992,1992,1990,Letras,Poesía,poesia,James Tate,Selected Poems
teatro-1992,1992,1990,Teatro,Teatro,teatro,Robert Schenkkan,The Kentucky Cycle
biografia-1991,1991,1990,Letras,Biografía o Autobiografía,biografia,Steven Naifeh and Gregory White Smith,Jackson Pollock
ficcion-1991,1991,1990,Letras,Ficción,ficcion,John Updike,Rabbit At Rest
historia-1991,1991,1990,Letras,Historia,historia,Laurel Thatcher Ulrich,A Midwife's Tale
no-ficcion-general-1991,1991,1990,Letras,No Ficción General,no-ficcion-general,Bert Holldobler and Edward O. Wilson,The Ants
poesia-1991,1991,1990,Letras,Poesía,poesia,Mona Van Duyn,Near Changes
teatro-1991,1991,1990,Teatro,Teatro,teatro,Neil Simon,Lost in Yonkers
biografia-1990,1990,1990,Letras,Biografía o Autobiografía,biografia,Sebastian de Grazia,Machiavelli in Hell
ficcion-1990,1990,1990,Letras,Ficción,ficcion,Oscar Hijuelos,The Mambo Kings Play Songs of Love
historia-1990,1990,1990,Letras,Historia,historia,Stanley Karnow,In Our Image: America's Empire in the Philippines
no-ficcion-general-1990,1990,1990,Letras,No Ficción General,no-ficcion-general,Dale Maharidge and Michael Williamson,And Their Children After Them
poesia-1990,1990,1990,Letras,Poesía,poesia,Charles Simic,The World Doesn't End
teatro-1990,1990,1990,Teatro,Teatro,teatro,August Wilson,The Piano Lesson
biografia-1989,1989,1980,Letras,Biografía o Autobiografía,biografia,Richard Ellmann,Oscar Wilde
ficcion-1989,1989,1980,Letras,Ficción,ficcion,Anne Tyler,Breathing Lessons
historia-1989,1989,1980,Letras,Historia,historia,James M. McPherson,Battle Cry of Freedom: The Civil War Era
historia-1989-2,1989,1980,Letras,Historia,historia,Taylor Branch,Parting the Waters: America in the King Years 1954-1963
no-ficcion-general-1989,1989,1980,Letras,No Ficción General,no-ficcion-general,Neil Sheehan,A Bright Shining Lie: John Paul Vann and America in Vietnam
poesia-1989,1989,1980,Letras,Poesía,poesia,Richard Wilbur,New and Collected Poems
teatro-1989,1989,1980,Teatro,Teatro,teatro,Wendy Wasserstein,The Heidi Chronicles
biografia-1988,1988,1980,Letras,Biografía o Autobiografía,biografia,David Herbert Donald,Look Homeward: A Life of Thomas Wolfe
ficcion-1988,1988,1980,Letras,Ficción,ficcion,Toni Morrison,Beloved
historia-1988,1988,1980,Letras,Historia,historia,Robert V. Bruce,The Launching of Modern American Science 1846-1876
no-ficcion-general-1988,1988,1980,Letras,No Ficción General,no-ficcion-general,Richard Rhodes,The Making of the Atomic Bomb
poesia-1988,1988,1980,Letras,Poesía,poesia,William Meredith,Partial Accounts: New and Selected Poems
teatro-1988,1988,1980,Teatro,Teatro,teatro,Alfred Uhry,Driving Miss Daisy
biografia-1987,1987,1980,Letras,Biografía o Autobiografía,biografia,David J. Garrow,Bearing the Cross: Martin Luther King Jr. and the Southern Christian Leadership Conference
ficcion-1987,1987,1980,Letras,Ficción,ficcion,Peter Taylor,A Summons to Memphis
historia-1987,1987,1980,Letras,Historia,historia,Bernard Bailyn,Voyagers to the West: A Passage in the Peopling of America on the Eve of the Revolution
no-ficcion-general-1987,1987,1980,Letras,No Ficción General,no-ficcion-general,David K. Shipler,Arab and Jew: Wounded Spirits in a Promised Land
poesia-1987,1987,1980,Letras,Poesía,poesia,Rita Dove,Thomas and Beulah
teatro-1987,1987,1980,Teatro,Teatro,teatro,August Wilson,Fences
biografia-1986,1986,1980,Letras,Biografía o Autobiografía,biografia,Elizabeth Frank,Louise Bogan: A Portrait
ficcion-1986,1986,1980,Letras,Ficción,ficcion,Larry McMurtry,Lonesome Dove
historia-1986,1986,1980,Letras,Historia,historia,Walter A. McDougall,...the Heavens and the Earth: A Political History of the Space Age
no-ficcion-general-1986,1986,1980,Letras,No Ficción General,no-ficcion-general,J. Anthony Lukas,Common Ground: A Turbulent Decade in the Lives of Three American Families
no-ficcion-general-1986-2,1986,1980,Letras,No Ficción General,no-ficcion-general,Joseph Lelyveld,"Move Your Shadow: South Africa, Black and White"
poesia-1986,1986,1980,Letras,Poesía,poesia,Henry Taylor,The Flying Change
biografia-1985,1985,1980,Letras,Biografía o Autobiografía,biografia,Kenneth Silverman,The Life and Times of Cotton Mather
ficcion-1985,1985,1980,Letras,Ficción,ficcion,Alison Lurie,Foreign Affairs
historia-1985,1985,1980,Letras,Historia,historia,Thomas K. McCraw,Prophets of Regulation
no-ficcion-general-1985,1985,1980,Letras,No Ficción General,no-ficcion-general,Studs Terkel,The Good War: An Oral History of World War Two
poesia-1985,1985,1980,Letras,Poesía,poesia,Carolyn Kizer,Yin
teatro-1985,1985,1980,Teatro,Teatro,teatro,Stephen Sondheim and James Lapine,Sunday in the Park With George
biografia-1984,1984,1980,Letras,Biografía o Autobiografía,biografia,Louis R. Harlan,"Booker T. Washington: The Wizard of Tuskegee, 1901-1915"
ficcion-1984,1984,1980,Letras,Ficción,ficcion,William Kennedy,Ironweed
no-ficcion-general-1984,1984,1980,Letras,No Ficción General,no-ficcion-general,Paul Starr,The Social Transformation Of American Medicine
poesia-1984,1984,1980,Letras,Poesía,poesia,Mary Oliver,American Primitive
teatro-1984,1984,1980,Teatro,Teatro,teatro,David Mamet,Glengarry Glen Ross
biografia-1983,1983,1980,Letras,Biografía o Autobiografía,biografia,Russell Baker,Growing Up
ficcion-1983,1983,1980,Letras,Ficción,ficcion,Alice Walker,The Color Purple
historia-1983,1983,1980,Letras,Historia,historia,Rhys L. Isaac,"The Transformation of Virginia, 1740-1790"
no-ficcion-general-1983,1983,1980,Letras,No Ficción General,no-ficcion-general,Susan Sheehan,Is There No Place on Earth for Me?
poesia-1983,1983,1980,Letras,Poesía,poesia,Galway Kinnell,Selected Poems
teatro-1983,1983,1980,Teatro,Teatro,teatro,Marsha Norman,"Night, Mother"
biografia-1982,1982,1980,Letras,Biografía o Autobiografía,biografia,William McFeely,Grant: A Biography
ficcion-1982,1982,1980,Letras,Ficción,ficcion,John Updike,Rabbit Is Rich
historia-1982,1982,1980,Letras,Historia,historia,C. Vann Woodward,Mary Chesnut's Civil War
no-ficcion-general-1982,1982,1980,Letras,No Ficción General,no-ficcion-general,Tracy Kidder,The Soul of a New Machine
poesia-1982,1982,1980,Letras,Poesía,poesia,Sylvia Plath,The Collected Poems
teatro-1982,1982,1980,Teatro,Teatro,teatro,Charles Fuller,A Soldier's Play
biografia-1981,1981,1980,Letras,Biografía o Autobiografía,biografia,Robert K. Massie,Peter the Great: His Life and World
ficcion-1981,1981,1980,Letras,Ficción,ficcion,John Kennedy Toole,A Confederacy of Dunces
historia-1981,1981,1980,Letras,Historia,historia,Lawrence A. Cremin,"American Education: The National Experience, 1783-1876"
no-ficcion-general-1981,1981,1980,Letras,No Ficción General,no-ficcion-general,Carl E. Schorske,Fin-De Siecle Vienna: Politics And Culture
poesia-1981,1981,1980,Letras,Poesía,poesia,James Schuyler,The Morning of the Poem
teatro-1981,1981,1980,Teatro,Teatro,teatro,Beth Henley,Crimes of the Heart
biografia-1980,1980,1980,Letras,Biografía o Autobiografía,biografia,Edmund Morris,The Rise of Theodore Roosevelt
ficcion-1980,1980,1980,Letras,Ficción,ficcion,Norman Mailer,The Executioner's Song
historia-1980,1980,1980,Letras,Historia,historia,Leon F. Litwack,Been in the Storm So Long
no-ficcion-general-1980,1980,1980,Letras,No Ficción General,no-ficcion-general,Douglas R. Hofstadter,"Godel, Escher, Bach: an Eternal Golden Braid"
poesia-1980,1980,1980,Letras,Poesía,poesia,Donald Justice,Selected Poems
teatro-1980,1980,1980,Teatro,Teatro,teatro,Lanford Wilson,Talley's Folly
biografia-1979,1979,1970,Letras,Biografía o Autobiografía,biografia,Leonard Baker,Days of Sorrow and Pain: Leo Baeck and the Berlin Jews
ficcion-1979,1979,1970,Letras,Ficción,ficcion,John Cheever,The Stories of John Cheever
historia-1979,1979,1970,Letras,Historia,historia,Don E. Fehrenbacher,The Dred Scott Case
no-ficcion-general-1979,1979,1970,Letras,No Ficción General,no-ficcion-general,Edward O. Wilson,On Human Nature
poesia-1979,1979,1970,Letras,Poesía,poesia,Robert Penn Warren,Now and Then
teatro-1979,1979,1970,Teatro,Teatro,teatro,Sam Shepard,Buried Child
biografia-1978,1978,1970,Letras,Biografía o Autobiografía,biografia,Walter Jackson Bate,Samuel Johnson
ficcion-1978,1978,1970,Letras,Ficción,ficcion,James Alan McPherson,Elbow Room
historia-1978,1978,1970,Letras,Historia,historia,Alfred D. Chandler,The Visible Hand: The Managerial Revolution in American Business
no-ficcion-general-1978,1978,1970,Letras,No Ficción General,no-ficcion-general,Carl Sagan,The Dragons of Eden
poesia-1978,1978,1970,Letras,Poesía,poesia,Howard Nemerov,Collected Poems
teatro-1978,1978,1970,Teatro,Teatro,teatro,Donald L. Coburn,The Gin Game
biografia-1977,1977,1970,Letras,Biografía o Autobiografía,biografia,John E. Mack,A Prince of Our Disorder: The Life of T. E. Lawrence
historia-1977,1977,1970,Letras,Historia,historia,David M. Potter,"The Impending Crisis, 1848-1861"
no-ficcion-general-1977,1977,1970,Letras,No Ficción General,no-ficcion-general,William W. Warner,Beautiful Swimmers
poesia-1977,1977,1970,Letras,Poesía,poesia,James Merrill,Divine Comedies
teatro-1977,1977,1970,Teatro,Teatro,teatro,Michael Cristofer,The Shadow Box
biografia-1976,1976,1970,Letras,Biografía o Autobiografía,biografia,R. W. B. Lewis,Edith Wharton: A Biography
ficcion-1976,1976,1970,Letras,Ficción,ficcion,Saul Bellow,Humboldt's Gift
historia-1976,1976,1970,Letras,Historia,historia,Paul Horgan,Lamy of Santa Fe
no-ficcion-general-1976,1976,1970,Letras,No Ficción General,no-ficcion-general,Robert N. Butler,Why Survive? Being Old In America
poesia-1976,1976,1970,Letras,Poesía,poesia,John Ashbery,Self-Portrait in a Convex Mirror
teatro-1976,1976,1970,Teatro,Teatro,teatro,"Michael Bennett, James Kirkwood, Jr., Marvin Hamlisch, Nicholas Dante and Edward Kleban",A Chorus Line
biografia-1975,1975,1970,Letras,Biografía o Autobiografía,biografia,Robert Caro,The Power Broker: Robert Moses and the Fall of New York
ficcion-1975,1975,1970,Letras,Ficción,ficcion,Michael Shaara,The Killer Angels
historia-1975,1975,1970,Letras,Historia,historia,Dumas Malone,"Jefferson and His Time, Vols. I-V"
no-ficcion-general-1975,1975,1970,Letras,No Ficción General,no-ficcion-general,Annie Dillard,Pilgrim at Tinker Creek
poesia-1975,1975,1970,Letras,Poesía,poesia,Gary Snyder,Turtle Island
teatro-1975,1975,1970,Teatro,Teatro,teatro,Edward Albee,Seascape
biografia-1974,1974,1970,Letras,Biografía o Autobiografía,biografia,Louis Sheaffer,"O'Neill, Son and Artist"
historia-1974,1974,1970,Letras,Historia,historia,Daniel J. Boorstin,The Americans: The Democratic Experience
no-ficcion-general-1974,1974,1970,Letras,No Ficción General,no-ficcion-general,Ernest Becker,The Denial of Death
poesia-1974,1974,1970,Letras,Poesía,poesia,Robert Lowell,The Dolphin
biografia-1973,1973,1970,Letras,Biografía o Autobiografía,biografia,W. A. Swanberg,Luce and His Empire
ficcion-1973,1973,1970,Letras,Ficción,ficcion,Eudora Welty,The Optimist's Daughter
historia-1973,1973,1970,Letras,Historia,historia,Michael Kammen,People of Paradox: An Inquiry Concerning the Origins of American Civilization
no-ficcion-general-1973,1973,1970,Letras,No Ficción General,no-ficcion-general,Frances FitzGerald,Fire in the Lake: The Vietnamese and the Americans in Vietnam
no-ficcion-general-1973-2,1973,1970,Letras,No Ficción General,no-ficcion-general,Robert Coles,"Children of Crisis, Vols. II and III"
poesia-1973,1973,1970,Letras,Poesía,poesia,Maxine Kumin,Up Country
teatro-1973,1973,1970,Teatro,Teatro,teatro,Jason Miller,That Championship Season
biografia-1972,1972,1970,Letras,Biografía o Autobiografía,biografia,Joseph P. Lash,Eleanor and Franklin
ficcion-1972,1972,1970,Letras,Ficción,ficcion,Wallace Stegner,Angle of Repose
historia-1972,1972,1970,Letras,Historia,historia,Carl N. Degler,Neither Black Nor White
no-ficcion-general-1972,1972,1970,Letras,No Ficción General,no-ficcion-general,Barbara W. Tuchman,"Stilwell and the American Experience in China, 1911-1945"
poesia-1972,1972,1970,Letras,Poesía,poesia,James Wright,Collected Poems
biografia-1971,1971,1970,Letras,Biografía o Autobiografía,biografia,Lawrance Thompson,"Robert Frost: The Years of Triumph, 1915 -1938"
historia-1971,1971,1970,Letras,Historia,historia,James MacGregor Burns,Roosevelt: The Soldier Of Freedom
no-ficcion-general-1971,1971,1970,Letras,No Ficción General,no-ficcion-general,John Toland,The Rising Sun
poesia-1971,1971,1970,Letras,Poesía,poesia,William S. Merwin,The Carrier of Ladders
teatro-1971,1971,1970,Teatro,Teatro,teatro,Paul Zindel,The Effect of Gamma Rays on Man-In-The-Moon Marigolds
biografia-1970,1970,1970,Letras,Biografía o Autobiografía,biografia,T. Harry Williams,Huey Long
ficcion-1970,1970,1970,Letras,Ficción,ficcion,Jean Stafford,Collected Stories
historia-1970,1970,1970,Letras,Historia,historia,Dean Acheson,Present At The Creation: My Years In The State Department
no-ficcion-general-1970,1970,1970,Letras,No Ficción General,no-ficcion-general,Erik H. Erikson,Gandhi's Truth
poesia-1970,1970,1970,Letras,Poesía,poesia,Richard Howard,Untitled Subjects
teatro-1970,1970,1970,Teatro,Teatro,teatro,Charles Gordone,No Place To Be Somebody
biografia-1969,1969,1960,Letras,Biografía o Autobiografía,biografia,Benjamin Lawrence Reid,The Man From New York: John Quinn and His Friends
ficcion-1969,1969,1960,Letras,Ficción,ficcion,N. Scott Momaday,House Made of Dawn
historia-1969,1969,1960,Letras,Historia,historia,Leonard W. Levy,Origins of the Fifth Amendment
no-ficcion-general-1969,1969,1960,Letras,No Ficción General,no-ficcion-general,Norman Mailer,The Armies Of The Night
no-ficcion-general-1969-2,1969,1960,Letras,No Ficción General,no-ficcion-general,Rene Jules Dubos,So Human An Animal
poesia-1969,1969,1960,Letras,Poesía,poesia,George Oppen,Of Being Numerous
teatro-1969,1969,1960,Teatro,Teatro,teatro,Howard Sackler,The Great White Hope
biografia-1968,1968,1960,Letras,Biografía o Autobiografía,biografia,George F. Kennan,Memoirs
ficcion-1968,1968,1960,Letras,Ficción,ficcion,William Styron,The Confessions of Nat Turner
historia-1968,1968,1960,Letras,Historia,historia,Bernard Bailyn,The Ideological Origins of the American Revolution
no-ficcion-general-1968,1968,1960,Letras,No Ficción General,no-ficcion-general,Will and Ariel Durant,The Story of Civilization: Rousseau and Revolution
poesia-1968,1968,1960,Letras,Poesía,poesia,Anthony Hecht,The Hard Hours
biografia-1967,1967,1960,Letras,Biografía o Autobiografía,biografia,Justin Kaplan,Mr. Clemens and Mark Twain
ficcion-1967,1967,1960,Letras,Ficción,ficcion,Bernard Malamud,The Fixer
historia-1967,1967,1960,Letras,Historia,historia,William H. Goetzmann,Exploration and Empire: The Explorer and the Scientist in the Winning of the American West
no-ficcion-general-1967,1967,1960,Letras,No Ficción General,no-ficcion-general,David Brion Davis,The Problem of Slavery in Western Culture
poesia-1967,1967,1960,Letras,Poesía,poesia,Anne Sexton,Live or Die
teatro-1967,1967,1960,Teatro,Teatro,teatro,Edward Albee,A Delicate Balance
biografia-1966,1966,1960,Letras,Biografía o Autobiografía,biografia,Arthur M. Schlesinger,A Thousand Days
ficcion-1966,1966,1960,Letras,Ficción,ficcion,Katherine Anne Porter,Collected Stories
historia-1966,1966,1960,Letras,Historia,historia,Perry Miller,The Life of the Mind in America: From the Revolution to the Civil War
no-ficcion-general-1966,1966,1960,Letras,No Ficción General,no-ficcion-general,Edwin Way Teale,Wandering Through Winter
poesia-1966,1966,1960,Letras,Poesía,poesia,Richard Eberhart,Selected Poems
biografia-1965,1965,1960,Letras,Biografía o Autobiografía,biografia,Ernest Samuels,"Henry Adams, three volumes"
ficcion-1965,1965,1960,Letras,Ficción,ficcion,Shirley Ann Grau,The Keepers Of The House
historia-1965,1965,1960,Letras,Historia,historia,Irwin Unger,"The Greenback Era: A Social and Political History of American Finance, 1865-1879"
no-ficcion-general-1965,1965,1960,Letras,No Ficción General,no-ficcion-general,Howard Mumford Jones,O Strange New World
poesia-1965,1965,1960,Letras,Poesía,poesia,John Berryman,77 Dream Songs
teatro-1965,1965,1960,Teatro,Teatro,teatro,Frank D. Gilroy,The Subject Was Roses
biografia-1964,1964,1960,Letras,Biografía o Autobiografía,biografia,Walter Jackson Bate,John Keats
historia-1964,1964,1960,Letras,Historia,historia,Sumner Chilton Powell,Puritan Village: The Formation of a New England Town
no-ficcion-general-1964,1964,1960,Letras,No Ficción General,no-ficcion-general,Richard Hofstadter,Anti-Intellectualism in American Life
poesia-1964,1964,1960,Letras,Poesía,poesia,Louis Simpson,At The End Of The Open Road
biografia-1963,1963,1960,Letras,Biografía o Autobiografía,biografia,Leon Edel,Henry James
ficcion-1963,1963,1960,Letras,Ficción,ficcion,William Faulkner,The Reivers
historia-1963,1963,1960,Letras,Historia,historia,Constance McLaughlin Green,"Washington, Village and Capital, 1800-1878"
no-ficcion-general-1963,1963,1960,Letras,No Ficción General,no-ficcion-general,Barbara W. Tuchman,The Guns of August
poesia-1963,1963,1960,Letras,Poesía,poesia,William Carlos Williams,Pictures from Brueghel
ficcion-1962,1962,1960,Letras,Ficción,ficcion,Edwin O'Connor,The Edge of Sadness
historia-1962,1962,1960,Letras,Historia,historia,Lawrence H. Gipson,The Triumphant Empire: Thunder-Clouds Gather in the West 1763-1766
no-ficcion-general-1962,1962,1960,Letras,No Ficción General,no-ficcion-general,Theodore H. White,The Making of the President 1960
poesia-1962,1962,1960,Letras,Poesía,poesia,Alan Dugan,Poems
teatro-1962,1962,1960,Teatro,Teatro,teatro,Frank Loesser and Abe Burrows,How To Succeed In Business Without Really Trying
biografia-1961,1961,1960,Letras,Biografía o Autobiografía,biografia,David Donald,Charles Sumner and the Coming of the Civil War
ficcion-1961,1961,1960,Letras,Ficción,ficcion,Harper Lee,To Kill A Mockingbird
historia-1961,1961,1960,Letras,Historia,historia,Herbert Feis,Between War and Peace: The Potsdam Conference
poesia-1961,1961,1960,Letras,Poesía,poesia,Phyllis McGinley,Times Three: Selected Verse From Three Decades
teatro-1961,1961,1960,Teatro,Teatro,teatro,Tad Mosel,All The Way Home
biografia-1960,1960,1960,Letras,Biografía o Autobiografía,biografia,Samuel Eliot Morison,John Paul Jones
ficcion-1960,1960,1960,Letras,Ficción,ficcion,Allen Drury,Advise and Consent
historia-1960,1960,1960,Letras,Historia,historia,Margaret Leech,In the Days of McKinley
poesia-1960,1960,1960,Letras,Poesía,poesia,W. D. Snodgrass,Heart's Needle
teatro-1960,1960,1960,Teatro,Teatro,teatro,"Jerome Weidman, George Abbott,  Jerry Bock and Sheldon Harnick",Fiorello!
biografia-1959,1959,1950,Letras,Biografía o Autobiografía,biografia,Arthur Walworth,Woodrow Wilson
ficcion-1959,1959,1950,Letras,Ficción,ficcion,Robert Lewis Taylor,The Travels of Jaimie McPheeters
historia-1959,1959,1950,Letras,Historia,historia,Leonard D. White,The Republican Era: 1869-1901
poesia-1959,1959,1950,Letras,Poesía,poesia,Stanley Kunitz,Selected Poems 1928-1958
teatro-1959,1959,1950,Teatro,Teatro,teatro,Archibald Macleish,J. B.
biografia-1958,1958,1950,Letras,Biografía o Autobiografía,biografia,Douglas Southall Freeman with John Alexander Carroll and Mary Wells Ashworth,"George Washington, Volumes I-VII"
ficcion-1958,1958,1950,Letras,Ficción,ficcion,James Agee,A Death In The Family
historia-1958,1958,1950,Letras,Historia,historia,Bray Hammond,Banks and Politics in America
poesia-1958,1958,1950,Letras,Poesía,poesia,Robert Penn Warren,Promises: Poems 1954-1956
teatro-1958,1958,1950,Teatro,Teatro,teatro,Ketti Frings,"Look Homeward, Angel"
biografia-1957,1957,1950,Letras,Biografía o Autobiografía,biografia,John F. Kennedy,Profiles in Courage
historia-1957,1957,1950,Letras,Historia,historia,George F. Kennan,"Russia Leaves the War: Soviet-American Relations, 1917-192O"
poesia-1957,1957,1950,Letras,Poesía,poesia,Richard Wilbur,Things of This World
teatro-1957,1957,1950,Teatro,Teatro,teatro,Eugene O'Neill,Long Day's Journey Into Night
biografia-1956,1956,1950,Letras,Biografía o Autobiografía,biografia,Talbot Faulkner Hamlin,Benjamin Henry Latrobe
ficcion-1956,1956,1950,Letras,Ficción,ficcion,MacKinlay Kantor,Andersonville
historia-1956,1956,1950,Letras,Historia,historia,Richard Hofstadter,The Age of Reform
poesia-1956,1956,1950,Letras,Poesía,poesia,Elizabeth Bishop,Poems: North & South - A Cold Spring
teatro-1956,1956,1950,Teatro,Teatro,teatro,Albert Hackett and Frances Goodrich,Diary of Anne Frank
biografia-1955,1955,1950,Letras,Biografía o Autobiografía,biografia,William S. White,The Taft Story
ficcion-1955,1955,1950,Letras,Ficción,ficcion,William Faulkner,A Fable
historia-1955,1955,1950,Letras,Historia,historia,Paul Horgan,Great River: The Rio Grande in North American History
poesia-1955,1955,1950,Letras,Poesía,poesia,Wallace Stevens,Collected Poems
teatro-1955,1955,1950,Teatro,Teatro,teatro,Tennessee Williams,Cat on A Hot Tin Roof
biografia-1954,1954,1950,Letras,Biografía o Autobiografía,biografia,Charles A. Lindbergh,The Spirit of St. Louis
historia-1954,1954,1950,Letras,Historia,historia,Bruce Catton,A Stillness at Appomattox
poesia-1954,1954,1950,Letras,Poesía,poesia,Theodore Roethke,The Waking
teatro-1954,1954,1950,Teatro,Teatro,teatro,John Patrick,The Teahouse of the August Moon
biografia-1953,1953,1950,Letras,Biografía o Autobiografía,biografia,David J. Mays,Edmund Pendleton 1721-1803
ficcion-1953,1953,1950,Letras,Ficción,ficcion,Ernest Hemingway,The Old Man and the Sea
historia-1953,1953,1950,Letras,Historia,historia,George Dangerfield,The Era of Good Feelings
poesia-1953,1953,1950,Letras,Poesía,poesia,Archibald MacLeish,Collected Poems 1917-1952
teatro-1953,1953,1950,Teatro,Teatro,teatro,William Inge,Picnic
biografia-1952,1952,1950,Letras,Biografía o Autobiografía,biografia,Merlo J. Pusey,Charles Evans Hughes
ficcion-1952,1952,1950,Letras,Ficción,ficcion,Herman Wouk,The Caine Mutiny
historia-1952,1952,1950,Letras,Historia,historia,Oscar Handlin,The Uprooted
poesia-1952,1952,1950,Letras,Poesía,poesia,Marianne Moore,Collected Poems
teatro-1952,1952,1950,Teatro,Teatro,teatro,Joseph Kramm,The Shrike
biografia-1951,1951,1950,Letras,Biografía o Autobiografía,biografia,Margaret Louise Coit,John C. Calhoun: American Portrait
ficcion-1951,1951,1950,Letras,Ficción,ficcion,Conrad Richter,The Town
historia-1951,1951,1950,Letras,Historia,historia,R. Carlyle Buley,"The Old Northwest, Pioneer Period 1815-1840"
poesia-1951,1951,1950,Letras,Poesía,poesia,Carl Sandburg,Complete Poems
biografia-1950,1950,1950,Letras,Biografía o Autobiografía,biografia,Samuel Flagg Bemis,John Quincy Adams and the Foundations of American Foreign Policy
ficcion-1950,1950,1950,Letras,Ficción,ficcion,A. B. Guthrie,The Way West
historia-1950,1950,1950,Letras,Historia,historia,Oliver W. Larkin,Art and Life in America
poesia-1950,1950,1950,Letras,Poesía,poesia,Gwendolyn Brooks,Annie Allen
teatro-1950,1950,1950,Teatro,Teatro,teatro,"Richard Rodgers, Oscar Hammerstein II and Joshua Logan",South Pacific
biografia-1949,1949,1940,Letras,Biografía o Autobiografía,biografia,Robert E. Sherwood,Roosevelt and Hopkins
ficcion-1949,1949,1940,Letras,Ficción,ficcion,James Gould Cozzens,Guard of Honor
historia-1949,1949,1940,Letras,Historia,historia,Roy Franklin Nichols,The Disruption of American Democracy
poesia-1949,1949,1940,Letras,Poesía,poesia,Peter Viereck,Terror and Decorum
teatro-1949,1949,1940,Teatro,Teatro,teatro,Arthur Miller,Death of a Salesman
biografia-1948,1948,1940,Letras,Biografía o Autobiografía,biografia,Margaret Clapp,Forgotten First Citizen: John Bigelow
ficcion-1948,1948,1940,Letras,Ficción,ficcion,James A. Michener,Tales of the South Pacific
historia-1948,1948,1940,Letras,Historia,historia,Bernard Devoto,Across the Wide Missouri
poesia-1948,1948,1940,Letras,Poesía,poesia,W. H. Auden,The Age of Anxiety
teatro-1948,1948,1940,Teatro,Teatro,teatro,Tennessee Williams,A Streetcar Named Desire
biografia-1947,1947,1940,Letras,Biografía o Autobiografía,biografia,William Allen White,The Autobiography of William Allen White
ficcion-1947,1947,1940,Letras,Ficción,ficcion,Robert Penn Warren,All the King's Men
historia-1947,1947,1940,Letras,Historia,historia,James Phinney Baxter 3rd,Scientists Against Time
poesia-1947,1947,1940,Letras,Poesía,poesia,Robert Lowell,Lord Weary's Castle
biografia-1946,1946,1940,Letras,Biografía o Autobiografía,biografia,Linnie Marsh Wolfe,Son of the Wilderness
historia-1946,1946,1940,Letras,Historia,historia,Arthur Meier Schlesinger,The Age of Jackson
teatro-1946,1946,1940,Teatro,Teatro,teatro,Russel Crouse and Howard Lindsay,State of the Union
biografia-1945,1945,1940,Letras,Biografía o Autobiografía,biografia,Russell Blaine Nye,George Bancroft: Brahmin Rebel
ficcion-1945,1945,1940,Letras,Ficción,ficcion,John Hersey,A Bell for Adano
historia-1945,1945,1940,Letras,Historia,historia,Stephen Bonsal,Unfinished Business
poesia-1945,1945,1940,Letras,Poesía,poesia,Karl Shapiro,V-Letter and Other Poems
teatro-1945,1945,1940,Teatro,Teatro,teatro,Mary Chase,Harvey
biografia-1944,1944,1940,Letras,Biografía o Autobiografía,biografia,Carleton Mabee,The American Leonardo: The Life of Samuel F B. Morse
ficcion-1944,1944,1940,Letras,Ficción,ficcion,Martin Flavin,Journey in the Dark
historia-1944,1944,1940,Letras,Historia,historia,Merle Curti,The Growth of American Thought
poesia-1944,1944,1940,Letras,Poesía,poesia,Stephen Vincent Benét,Western Star
biografia-1943,1943,1940,Letras,Biografía o Autobiografía,biografia,Samuel Eliot Morison,Admiral of the Ocean Sea: A Life of Christopher Columbus
ficcion-1943,1943,1940,Letras,Ficción,ficcion,Upton Sinclair,Dragon's Teeth
historia-1943,1943,1940,Letras,Historia,historia,Esther Forbes,Paul Revere and the World He Lived In
poesia-1943,1943,1940,Letras,Poesía,poesia,Robert Frost,A Witness Tree
teatro-1943,1943,1940,Teatro,Teatro,teatro,Thornton Wilder,The Skin of Our Teeth
biografia-1942,1942,1940,Letras,Biografía o Autobiografía,biografia,Forrest Wilson,Crusader in Crinoline
ficcion-1942,1942,1940,Letras,Ficción,ficcion,Ellen Glasgow,In This Our Life
historia-1942,1942,1940,Letras,Historia,historia,Margaret Leech,"Reveille in Washington, 1860-1865"
poesia-1942,1942,1940,Letras,Poesía,poesia,William Rose Benet,The Dust Which Is God
biografia-1941,1941,1940,Letras,Biografía o Autobiografía,biografia,Ola Elizabeth Winslow,"Jonathan Edwards, 1703–1758: A Biography"
historia-1941,1941,1940,Letras,Historia,historia,Marcus Lee Hansen,"The Atlantic Migration, 1607-1860"
poesia-1941,1941,1940,Letras,Poesía,poesia,Leonard Bacon,Sunderland Capture
teatro-1941,1941,1940,Teatro,Teatro,teatro,Robert E. Sherwood,There Shall Be No Night
biografia-1940,1940,1940,Letras,Biografía o Autobiografía,biografia,Ray Stannard Baker,"Woodrow Wilson, Life and Letters. Vols. VII and VIII"
ficcion-1940,1940,1940,Letras,Ficción,ficcion,John Steinbeck,The Grapes of Wrath
historia-1940,1940,1940,Letras,Historia,historia,Carl Sandburg,Abraham Lincoln: The War Years
poesia-1940,1940,1940,Letras,Poesía,poesia,Mark Van Doren,Collected Poems
teatro-1940,1940,1940,Teatro,Teatro,teatro,William Saroyan,The Time of Your Life
biografia-1939,1939,1930,Letras,Biografía o Autobiografía,biografia,Carl Van Doren,Benjamin Franklin
ficcion-1939,1939,1930,Letras,Ficción,ficcion,Marjorie Kinnan Rawlings,The Yearling
historia-1939,1939,1930,Letras,Historia,historia,Frank Luther Mott,A History of American Magazines
poesia-1939,1939,1930,Letras,Poesía,poesia,John Gould Fletcher,Selected Poems
teatro-1939,1939,1930,Teatro,Teatro,teatro,Robert E. Sherwood,Abe Lincoln in Illinois
biografia-1938,1938,1930,Letras,Biografía o Autobiografía,biografia,Marquis James,The Life of Andrew Jackson
biografia-1938-2,1938,1930,Letras,Biografía o Autobiografía,biografia,Odell Shepard,Pedlar's Progress
ficcion-1938,1938,1930,Letras,Ficción,ficcion,John Phillips Marquand,The Late George Apley
historia-1938,1938,1930,Letras,Historia,historia,Paul Herman Buck,"The Road to Reunion, 1865-1900"
poesia-1938,1938,1930,Letras,Poesía,poesia,Marya Zaturenska,Cold Morning Sky
teatro-1938,1938,1930,Teatro,Teatro,teatro,Thornton Wilder,Our Town
biografia-1937,1937,1930,Letras,Biografía o Autobiografía,biografia,Allan Nevins,Hamilton Fish: The Inner History of the Grant Administration
ficcion-1937,1937,1930,Letras,Ficción,ficcion,Margaret Mitchell,Gone With the Wind
historia-1937,1937,1930,Letras,Historia,historia,Van Wyck Brooks,The Flowering of New England 1815-1865
poesia-1937,1937,1930,Letras,Poesía,poesia,Robert Frost,A Further Range
teatro-1937,1937,1930,Teatro,Teatro,teatro,Moss Hart and George S. Kaufman,You Can't Take It With You
biografia-1936,1936,1930,Letras,Biografía o Autobiografía,biografia,Ralph Barton Perry,"The Thought and Character of William James: As Revealed in Unpublished Correspondence and Notes, Together with His Published Writings"
ficcion-1936,1936,1930,Letras,Ficción,ficcion,Harold L. Davis,Honey in the Horn
historia-1936,1936,1930,Letras,Historia,historia,Andrew C. McLaughlin,A Constitutional History of the United States
poesia-1936,1936,1930,Letras,Poesía,poesia,Robert P. Tristram Coffin,Strange Holiness
teatro-1936,1936,1930,Teatro,Teatro,teatro,Robert E. Sherwood,Idiots Delight
biografia-1935,1935,1930,Letras,Biografía o Autobiografía,biografia,Douglas S. Freeman,R. E. Lee
ficcion-1935,1935,1930,Letras,Ficción,ficcion,Josephine Winslow Johnson,Now in November
historia-1935,1935,1930,Letras,Historia,historia,Charles McLean Andrews,The Colonial Period of American History
poesia-1935,1935,1930,Letras,Poesía,poesia,Audrey Wurdemann,Bright Ambush
teatro-1935,1935,1930,Teatro,Teatro,teatro,Zoe Akins,The Old Maid
biografia-1934,1934,1930,Letras,Biografía o Autobiografía,biografia,Tyler Dennett,John Hay
ficcion-1934,1934,1930,Letras,Ficción,ficcion,Caroline Miller,Lamb in His Bosom
historia-1934,1934,1930,Letras,Historia,historia,Herbert Agar,The People's Choice
poesia-1934,1934,1930,Letras,Poesía,poesia,Robert Hillyer,Collected Verse
teatro-1934,1934,1930,Teatro,Teatro,teatro,Sidney Kingsley,Men in White
biografia-1933,1933,1930,Letras,Biografía o Autobiografía,biografia,Allan Nevins,Grover Cleveland
ficcion-1933,1933,1930,Letras,Ficción,ficcion,T. S. Stribling,The Store
historia-1933,1933,1930,Letras,Historia,historia,Frederick J. Turner,The Significance of Sections in American History
poesia-1933,1933,1930,Letras,Poesía,poesia,Archibald Macleish,Conquistador
teatro-1933,1933,1930,Teatro,Teatro,teatro,Maxwell Anderson,Both Your Houses
biografia-1932,1932,1930,Letras,Biografía o Autobiografía,biografia,Henry F. Pringle,Theodore Roosevelt
ficcion-1932,1932,1930,Letras,Ficción,ficcion,Pearl S. Buck,The Good Earth
historia-1932,1932,1930,Letras,Historia,historia,John J. Pershing,My Experiences in the World War
poesia-1932,1932,1930,Letras,Poesía,poesia,George Dillon,The Flowering Stone
teatro-1932,1932,1930,Teatro,Teatro,teatro,"George S. Kaufman, Morrie Ryskind and Ira Gershwin",Of Thee I Sing
biografia-1931,1931,1930,Letras,Biografía o Autobiografía,biografia,Henry James,Charles W. Eliot
ficcion-1931,1931,1930,Letras,Ficción,ficcion,Margaret Ayer Barnes,Years of Grace
historia-1931,1931,1930,Letras,Historia,historia,Bernadotte E. Schmitt,The Coming of the War 1914
poesia-1931,1931,1930,Letras,Poesía,poesia,Robert Frost,Collected Poems
teatro-1931,1931,1930,Teatro,Teatro,teatro,Susan Glaspell,Alison's House
biografia-1930,1930,1930,Letras,Biografía o Autobiografía,biografia,Marquis James,The Raven
ficcion-1930,1930,1930,Letras,Ficción,ficcion,Oliver La Farge,Laughing Boy
historia-1930,1930,1930,Letras,Historia,historia,Claude H. Van Tyne,"The Founding of the American Republic, Volume II: The War of Independence: American Phase"
poesia-1930,1930,1930,Letras,Poesía,poesia,Conrad Aiken,Selected Poems
teatro-1930,1930,1930,Teatro,Teatro,teatro,Marc Connelly,The Green Pastures
biografia-1929,1929,1920,Letras,Biografía o Autobiografía,biografia,Burton J. Hendrick,The Training of an American: The Earlier Life and Letters of Walter H. Page
ficcion-1929,1929,1920,Letras,Ficción,ficcion,Julia Peterkin,Scarlet Sister Mary
historia-1929,1929,1920,Letras,Historia,historia,Fred Albert Shannon,"The Organization and Administration of the Union Army, 1861-1865"
poesia-1929,1929,1920,Letras,Poesía,poesia,Stephen Vincent Benét,John Browns Body
teatro-1929,1929,1920,Teatro,Teatro,teatro,Elmer L. Rice,Street Scene
biografia-1928,1928,1920,Letras,Biografía o Autobiografía,biografia,Charles Edward Russell,The American Orchestra and Theodore Thomas
ficcion-1928,1928,1920,Letras,Ficción,ficcion,Thornton Wilder,The Bridge of San Luis Rey
historia-1928,1928,1920,Letras,Historia,historia,Vernon Louis Parrington,"Main Currents in American Thought, 2 vols."
poesia-1928,1928,1920,Letras,Poesía,poesia,Edwin Arlington Robinson,Tristram
teatro-1928,1928,1920,Teatro,Teatro,teatro,Eugene O'Neill,Strange Interlude
biografia-1927,1927,1920,Letras,Biografía o Autobiografía,biografia,Emory Holloway,Whitman: An Interpretation in Narrative
ficcion-1927,1927,1920,Letras,Ficción,ficcion,Louis Bromfield,Early Autumn
historia-1927,1927,1920,Letras,Historia,historia,Samuel Flagg Bemis,Pinckney's Treaty
poesia-1927,1927,1920,Letras,Poesía,poesia,Leonora Speyer,Fiddler's Farewell
teatro-1927,1927,1920,Teatro,Teatro,teatro,Paul Green,In Abraham's Bosom
biografia-1926,1926,1920,Letras,Biografía o Autobiografía,biografia,Harvey Cushing,"The Life of Sir William Osler, 2 vols."
ficcion-1926,1926,1920,Letras,Ficción,ficcion,Sinclair Lewis,Arrowsmith
historia-1926,1926,1920,Letras,Historia,historia,Edward Channing,"A History of the United States, Vol. VI: The War for Southern Independence, 1849-1865"
poesia-1926,1926,1920,Letras,Poesía,poesia,Amy Lowell,What's O'Clock
teatro-1926,1926,1920,Teatro,Teatro,teatro,George Kelly,Craig's Wife
biografia-1925,1925,1920,Letras,Biografía o Autobiografía,biografia,M. A. Dewolfe Howe,Barrett Wendell and His Letters
ficcion-1925,1925,1920,Letras,Ficción,ficcion,Edna Ferber,So Big
historia-1925,1925,1920,Letras,Historia,historia,Frederic L. Paxson,History of the American Frontier
poesia-1925,1925,1920,Letras,Poesía,poesia,Edwin Arlington Robinson,The Man Who Died Twice
teatro-1925,1925,1920,Teatro,Teatro,teatro,Sidney Howard,They Knew What They Wanted
biografia-1924,1924,1920,Letras,Biografía o Autobiografía,biografia,Michael Idvorsky Pupin,From Immigrant to Inventor
ficcion-1924,1924,1920,Letras,Ficción,ficcion,Margaret Wilson,The Able McLaughlins
historia-1924,1924,1920,Letras,Historia,historia,Charles Howard McIlwain,The American Revolution -- A Constitutional Interpretation
poesia-1924,1924,1920,Letras,Poesía,poesia,Robert Frost,New Hampshire: A Poem with Notes and Grace Notes
teatro-1924,1924,1920,Teatro,Teatro,teatro,Hatcher Hughes,Hell-Bent Fer Heaven
biografia-1923,1923,1920,Letras,Biografía o Autobiografía,biografia,Burton J. Hendrick,The Life and Letters of Walter H. Page
ficcion-1923,1923,1920,Letras,Ficción,ficcion,Willa Cather,One of Ours
historia-1923,1923,1920,Letras,Historia,historia,Charles Warren,The Supreme Court in United States History
poesia-1923,1923,1920,Letras,Poesía,poesia,Edna St. Vincent Millay,"The Ballad of the Harp-Weaver: A Few Figs from Thistles: Eight Sonnets in American Poetry, 1922. A Miscellany"
teatro-1923,1923,1920,Teatro,Teatro,teatro,Owen Davis,Icebound
biografia-1922,1922,1920,Letras,Biografía o Autobiografía,biografia,Hamlin Garland,A Daughter of the Middle Border
ficcion-1922,1922,1920,Letras,Ficción,ficcion,Booth Tarkington,Alice Adams
historia-1922,1922,1920,Letras,Historia,historia,James Truslow Adams,The Founding of New England
poesia-1922,1922,1920,Letras,Poesía,poesia,Edwin Arlington Robinson,Collected Poems
teatro-1922,1922,1920,Teatro,Teatro,teatro,Eugene O'Neill,Anna Christie
biografia-1921,1921,1920,Letras,Biografía o Autobiografía,biografia,Edward Bok,The Americanization of Edward Bok
ficcion-1921,1921,1920,Letras,Ficción,ficcion,Edith Wharton,The Age of Innocence
historia-1921,1921,1920,Letras,Historia,historia,William Sowden Sims in collaboration with Burton J. Hendrick,The Victory at Sea
teatro-1921,1921,1920,Teatro,Teatro,teatro,Zona Gale,Miss Lulu Bett
biografia-1920,1920,1920,Letras,Biografía o Autobiografía,biografia,Albert J. Beveridge,The Life of John Marshall
historia-1920,1920,1920,Letras,Historia,historia,Justin H. Smith,The War with Mexico
teatro-1920,1920,1920,Teatro,Teatro,teatro,Eugene O'Neill,Beyond the Horizon
biografia-1919,1919,1910,Letras,Biografía o Autobiografía,biografia,Henry Adams,The Education of Henry Adams
ficcion-1919,1919,1910,Letras,Ficción,ficcion,Booth Tarkington,The Magnificent Ambersons
poesia-1919,1919,1910,Letras,Poesía,poesia,Carl Sandburg,Corn Huskers
poesia-1919-2,1919,1910,Letras,Poesía,poesia,Margaret Widdemer,Old Road to Paradise
biografia-1918,1918,1910,Letras,Biografía o Autobiografía,biografia,William Cabell Bruce,"Benjamin Franklin, Self-Revealed"
ficcion-1918,1918,1910,Letras,Ficción,ficcion,Ernest Poole,His Family
historia-1918,1918,1910,Letras,Historia,historia,James Ford Rhodes,"History of the Civil War, 1861-1865"
poesia-1918,1918,1910,Letras,Poesía,poesia,Sara Teasdale,Love Songs
teatro-1918,1918,1910,Teatro,Teatro,teatro,Jesse Lynch Williams,Why Marry?
biografia-1917,1917,1910,Letras,Biografía o Autobiografía,biografia,Laura E. Richards and Maud Howe Elliott assisted by Florence Howe Hall,"Julia Ward Howe, 1819-1910"
historia-1917,1917,1910,Letras,Historia,historia,His Excellency J.J. Jusserand,With Americans of Past and Present Days
